Key,Type,Desc,Chinese,English [en-US],Chinese (Taiwan),Japanese,Korean
10001,Text,,丛林狼,coyotes,擦掷,ジャングルの狼,???
10002,Text,,变异丛林狼,Mutant coyote,擦掷,ジャングル?オオカミ,?? ???
10003,Text,,狂暴丛林狼,Rabid coyote,狂暴擦掷,ジャングルの狼,??? ???
10004,Text,,嗜血黑熊,Blood thirsty bear,嗜血黑熊,血に|えた熊,?? ??? ??
10005,Text,,嗜血棕熊,Bloodthirsty brown bear,嗜血棕熊,ヒグマグマ,?? ??? ??
10006,Text,,嗜血白熊,Bloodthirsty white bear,嗜血白熊,血に|えた白熊,?? ??? ??
10007,Text,,鱼人守卫,The fish who guard,~人守l,~人が守る,????
10008,Text,,鱼人队长,Fish are captain,~人L,~人L,?? ???
10009,Text,,苍白女妖,Pale banshee,n白女妖,青白い女妖,??? ??
10010,Text,,堕落卫兵,Corrupt guards,落l兵,堕落l兵,??? ??
10011,Text,,洞穴食人妖,Cave troll,洞穴食人妖,洞窟生肉肖,?? ??
12001,Text,,穆马基尔,Jose kemalist,穆R基,ムマキ`ル,????
12002,Text,,昂哥立安-游荡者,Angorian - The Wanderer,昂哥立安-[者,アンゴリアン-[び人,????-???
3001,Text,,狂暴,violent,狂暴,狂暴,?? ?
3001_Desc,Text,,激发种族血脉，进入狂暴状态，短时间内提高攻击力,"Energize the race bloodline and go berserk, increasing damage for a short time",激lN族血}，M入狂暴B，短rg忍岣吖袅,N族の血を引いて、狂暴状Bに入り、短rgで攻牧Δ蛏悉菠,?? ??? ??? ??? ??? ???? ?? ??? ???? ?????
3003,Text,,坚硬,hard,杂,硬い,?? ?
3003_Desc,Text,,激发种族血脉，使皮肤变得坚硬，短时间内提高防御力,"Energize the race bloodline and harden the skin, increasing defense for a short time",激lN族血}，使皮w得杂玻短rg忍岣叻蓝R力,N族の血を引き、皮wを硬くし、短rgで防御力を高める,??? ??? ??? ??? ???? ??? ?? ??? ???? ?????
3004,Text,,皮糙肉厚,Rough skin,皮糙肉厚,皮がざらざらして肉が厚い,??? ??? ?? ???
3004_Desc,Text,,挖矿时长提升,Mining time increased,挖VrL提升,窬rgが上がる,?? ??? ????
3006,Text,,灵巧,smart,`巧,器用,????
3006_Desc,Text,,激发种族血脉，进一步掌控武器，短时间内提高攻击速度和施法速度,"Energize the race bloodline, further control the weapon, increases attack speed and cast speed for a short time",激lN族血}，M一步掌控武器，短rg忍岣吖羲俣群褪┓ㄋ俣,N族の血を引き、さらに武器を掌握し、短rgで攻乃俣趣饶Хㄋ俣趣蛳蛏悉丹护,"??? ??? ???? ??? ????, ?? ?? ?? ????? ????? ?????"
3008,Text,,精准,accurate,精准,正_な,????
3008_Desc,Text,,激发种族血脉，洞察敌人弱点，短时间内提高暴击率,"Energize the race bloodline, gain insight into enemy weaknesses, and increase your crit rate for a short time",激lN族血}，洞察橙巳觞c，短rg忍岣弑袈,N族の血を引き、长稳醯悚蛞Oめ、短rgでヒット率を上げる,??? ??? ???? ?? ??? ???? ???? ??? ??? ???
3101,Text,,盾击,Shield bash,盾,盾の一,?? ?
3101_Desc,Text,,使用盾牌重击目标,Bash the target with a shield,使用盾牌重裟,盾を使って目摔虼颏练丹,??? ???? ??? ??? ???
3102,Text,,冲锋,The charge,_h,シュ`ズ,??
3102_Desc,Text,,向目标冲锋，造成伤害,"Charge at the target, dealing damage",荒_h，造成害,"目摔送膜,ダメ`ジを与える",??? ?? ??? ???? ???
3103,Text,,大地践踏,The earth on,大地`踏,大地のじゅうりん,?? ????
3103_Desc,Text,,汇集全身力气践踏大地，对周围敌人造成伤害,"Gather all his strength to trample the ground, causing damage to the surrounding enemies",R集全身力廑`踏大地，χ橙嗽斐害,"全身の力をY集して大地を踏みにじり,周欷长衰昆岍`ジを与える",??? ?? ?? ??? ??? ??? ??? ???? ???
3104,Text,,猛击,slam,猛,膜沥蓼ります,???
3104_Desc,Text,,向前方区域劈出强力一击,A powerful hack into the front area,磺胺^域劈出力一,前方エリアに力な一膜蛟・婴护,?? ???? ??? ???
3105,Text,,旋风斩,whirlwind,旋L,旋L丐,????? ??
3105_Desc,Text,,掀起一阵旋风攻击周围敌人,Send up a whirlwind to attack the surrounding enemies,掀起一旋L攻糁橙,旋Lをき起こして周欷长蚬膜工,??? ?????? ??? ??? ?? ????
3106,Text,,嗜血,bloodthirsty,嗜血,血に饥え,???
3106_Desc,Text,,对目标发动强力一击并吸取敌人生命力，回复自身生命值,"Delivers a powerful hit to the target and drains enemy vitality, restoring your health",δ税l力一阄取橙松命力，回妥陨砩命值,タ`ゲットに力な一膜虬kPし、长紊命力を吸い取り、自分のライフを回亭工,???? ??? ??? ??? ?? ???? ??? ??? ???? ?????
3107,Text,,山崩地裂,earthquakes,山崩地裂,山が割れる,?? ???? ?? ????
3107_Desc,Text,,全力攻击地面，对周围敌人造成伤害,"Attack the ground with all force, dealing damage to nearby enemies",全力攻舻孛妫χ橙嗽斐害,"全力で地面を攻膜,周欷长衰昆岍`ジを与える",? ?? ?? ??? ???? ??? ??? ???? ???
3108,Text,,新月斩,New moon cut,新月,クレセント丐,??? ??
3108_Desc,Text,,使用武器划出如同新月的轨迹，对目标造成伤害,Use the weapon to create a crescent that deals damage to the target,使用武器出如同新月的E，δ嗽斐害,武器で新月のようなEを描き、タ`ゲットにダメ`ジを与える,??? ??? ?? ??? ?? ???? ???? ??
3109,Text,,魔剑,shadowbane,魔,に,MoJian
3109_Desc,Text,,项目标投掷一柄魔剑,The target throws a magic sword,目送S一柄魔,ある目摔四を投げる,?? ?? ?? ???
3110,Text,,崩裂之刃,"The blade of cracks,",崩裂之刃,Zけの刃,??? ?
3110_Desc,Text,,旋转身体蓄力过后对目标挥出猛烈一击,Rotate the body and charge it with a powerful blow to the target,旋D身w蓄力^後δ]出猛烈一,体を回させ溜めてからタ`ゲットに烈な一膜蛟・婴护,?? ?? ?? ?? ? ??? ?? ??? ????
3111,Text,,幽冥剑气,Nether shock wave,幽冥,幽冥の,??? ??
3111_Desc,Text,,在4秒内连续发出8道剑气，随机攻击周围范围内的目标，期间可自由移动,"Emit 8 strokes of sword breath in a row for 4 seconds, randomly attacking targets in the surrounding area. Move freely during this time",在4秒冗Bml出8道猓SC攻糁鹊哪耍期g可自由移,4秒g8本の荬蜻BAしてkし、周欷摔い毳咯`ゲットをランダムに攻膜工搿,4? ?? ???? 8 ?? ??? ??? ??? ??? ???? ????.? ?? ?? ???? ??? ? ??
3112,Text,,精准打击,Precision strike,精准打,精密打,?? ??
3112_Desc,Text,,快速使用武器打击敌人，在隐形状态下伤害提高,"Quick use of weapons against enemies, increased damage while invisible",快速使用武器打橙耍在[形B下害提高,武器を素早く使用して长舜膜蛴毪āステルス状Bでダメ`ジを高める,?? ??? ?? ???? ??? ???? ???? ????
3113,Text,,隐匿,The hidden,[匿,L匿,??
3113_Desc,Text,,在非战斗状态下使用时，会进入隐形状态，敌人无法察觉，且移动速度提升，在战斗状态下使用时，移动速度和攻击力获得提升,"When used in non-combat mode, it becomes invisible to enemies and moves faster. When used in combat mode, it moves faster and does more damage",在非痿YB下使用r，M入[形B，橙o法察X，且移铀俣忍嵘，在痿YB下使用r，移铀俣群凸袅Λ@得提升,非殛L状Bで使用すると、ステルス状Bになり、长荬扭れなくなる。また、移P速度がアップする。殛L状Bで使用すると、移P速度と攻牧Δアップする。,"??? ???? ??? ?? ??? ??? ??? ?? ??? ? ?? ??, ?? ??? ???? ?? ???? ??? ?? ?? ??? ???? ????"
3114,Text,,魅影切割,The phantom of the cutting,魅影切割,ファントムカット,?? ??
3114_Desc,Text,,挥动武器切割敌人，隐形状态下伤害提高,Slicing enemies with a wielding weapon increases damage while invisible,]游淦髑懈橙耍[形B下害提高,武器を振って长颔ットすると、ステルス状Bでダメ`ジがアップする,??? ??? ?? ?? ??? ???? ???? ????
3115,Text,,暗影杀机,Shadow fade,暗影C,暗影の⒁,????
3115_Desc,Text,,瞬移到目标身边，对目标周围进行一次范围攻击，隐形状态下会再次对目标单独释放一次精准打击,"Teleport over to the target and make an area attack around the target. While invisible, the target will receive a separate precision strike",瞬移到目松磉，δ酥M行一次攻簦[形B下再次δ为放一次精准打,瞬rにタ`ゲットに移婴贰タ`ゲットの周欷斯旃膜蛐肖ぁステルス状Bで再びタ`ゲットにg独でピンポイント打膜蚍扭摹,???? ??? ????? ???? ??? ??? ? ?? ?? ????? ??? ???? ?? ? ? ???? ???? ?? ??? ???
3116,Text,,快速射击,Rapid fire,快速射,素早く射膜工,?? ??
3116_Desc,Text,,快速射击目标4次,Shoot the target 4 times quickly,快速射裟4次,目摔4回速く膜,?? ??? ??? 4? ????
3117,Text,,牵制射击,To shoot,恐粕,けんせい射,?? ??
3117_Desc,Text,,对目标周围区域释放箭雨,A shower of arrows hits the area around the target,δ酥^域放箭雨,目摔沃欷耸袱斡辘蚪丹椁,?? ?? ??? ??? ??
3118,Text,,鹰击长空,Helicopter strike force,糸L空,イ`グルストライク,?? ??? ?? ??
3118_Desc,Text,,短暂蓄力后射出一只化为巨鹰的箭矢，对前方直线区域内敌人造成伤害,"After briefly energizing, shoots an arrow that transforms into a giant eagle, dealing damage to enemies in a straight area ahead",短盒盍後射出一只化榫搡的箭矢，η胺街本^域橙嗽斐害,短rg溜めた后、巨鹰と化した矢を放ち、前方直エリア内の长衰昆岍`ジを与える,????? ?? ????? ? ???? ??? ??? ? ??? ?? ??? ?? ??? ???? ???
3119,Text,,逃脱,escape,逃,脱税,??
3119_Desc,Text,,向后跳跃一段距离,Jump back some distance,会崽S一段距x,一定の距xを後ろにジャンプする,?? ??? ?? ????
3120,Text,,乱射,volley,y射,乱射,??
3120_Desc,Text,,在前方扇形区域进行快速扫射,Make a quick sweep in the sector ahead,在前方扇形^域M行快速呱,前方のセクタ状のI域で素早く|を乱射する,??? ??? ???? ?? ??? ????
3121,Text,,火球术,fireball,火球g,火球g,???
3121_Desc,Text,,向目标发射一枚火球,Fire a fireball at the target,荒税l射一枚火球,目摔讼颏って火の玉を1kk射する,??? ?? ???? ????
3122,Text,,冰霜箭,Frost bolt,冰霜箭,晁の矢,??? ?? ??
3122_Desc,Text,,发射一枚由寒冰能量凝聚成的箭矢，对目标造成伤害,"Launches an arrow made of frozen energy, dealing damage to the target",l射一枚由寒冰能量凝聚成的箭矢，δ嗽斐害,"辘违ē庭毳`で凝sされた矢をk射し,目摔衰昆岍`ジを与える",??????? ???? ?? ??? ???? ???? ???? ??
3123,Text,,陨石术,The meteorite technique,E石g,E石g,???
3123_Desc,Text,,召唤一颗陨石，对目标范围区域造成伤害,Summons a meteorite that deals damage to the target area,召疽活wE石，δ斯^域造成害,E石1wを召兢贰タ`ゲットエリアにダメ`ジを与える,?? ?? ??? ???? ??? ??? ????
3124,Text,,冰霜之环,The ring of frost,冰霜之h,霜の,??? ??? ??
3124_Desc,Text,,召唤冰霜之力冲击目标及周围区域敌人,Summons frost's power to attack the target and surrounding area,召颈霜之力_裟思爸^域橙,晁の力を召兢筏颇思挨又烨域の长诵n膜蛴毪à,?? ? ?? ??? ??? ??? ?? ????
3125,Text,,移形换影,Move in a shadow,移形Q影,移形Q影,??? ???
3125_Desc,Text,,瞬间向前方闪烁一段距离,Flash forward a short distance for an instant,瞬g磺胺介Wq一段距x,一瞬前方に点绀工,???? ???? ????
3126,Text,,治疗术,healing,治g,治g,???
3126_Desc,Text,,使队友或自身回复血量,Restores health to a party member or yourself,使友或自身回脱量,味方もしくは自分の血の量を回亭丹护,?? ?? ??? ??? ?????
3127,Text,,连锁治疗,Chain treatment,Bi治,Bi治,?? ??
3127_Desc,Text,,对友方目标及周围区域的友方单位回复生命值,Restores health to friendly units in and around friendly targets,τ逊侥思爸^域的友方挝换蜕命值,味方目摔よび周欹ē辚の味方ユニットにライフを回亭工,??? ??? ?? ??? ?? ??? ???? ?????
40001,Text,,破旧的斧头,An old axe,破f的斧^,古びた斧,??? ??
40002,Text,,破旧的战斧,An old battle-axe,破f的鸶,古びたトマホ`ク,??? ????
40003,Text,,破旧的长剑,A worn-out sword,破f的L,古びたL,??? ??
40004,Text,,破旧的匕首,Worn dagger,破f的匕首,古びた短刀,??? ??
40005,Text,,破旧的长弓,A worn-out longbow,破f的L弓,古びたLい弓,??? ??
40006,Text,,破旧的法杖,Worn out staff,破f的法杖,くたびれた杖,??? ??
40007,Text,,破旧的盾牌,Worn shield,破f的盾牌,くたびれた盾,??? ??
40008,Text,,破旧的皮靴,Worn boots,破f的皮靴,くたびれた靴,? ?? ??
40009,Text,,破旧的皮衣,Shabby leather,破f的皮衣,ぼろぼろの革のコ`ト,??? ???
40010,Text,,破旧的头盔,Worn helmet,破f的^盔,くたびれたヘルメット,??? ??
40011,Text,,破旧的裤子,Worn trousers,破f的子,くたびれたズボン,? ??
40012,Text,,破旧的护手,Worn gauntlets,破f的o手,くたびれたハンドガ`ド,??? ???
40013,Text,,新兵斧头,The recruit the axe,新兵斧^,新兵の斧,?? ??
40014,Text,,新兵战斧,The recruit tomahawk,新兵鸶,新兵トマホ`ク,?? ????
40015,Text,,新兵长剑,The recruit a sword,新兵L,新兵L,?? ???
40016,Text,,新兵匕首,The recruit dagger,新兵匕首,新兵ナイフ,?? ??
40017,Text,,新兵长弓,The recruit longbow,新兵L弓,新兵L弓,?? ??
40018,Text,,新兵法杖,The new art of the rod,新兵法杖,新兵法杖,????
40019,Text,,新兵盾牌,The recruit shield,新兵盾牌,新兵の盾,?? ??
40020,Text,,新兵皮靴,New boots,新兵皮靴,新兵靴,?? ?? ??
40021,Text,,新兵盔甲,The recruit armor,新兵盔甲,新兵のz,??? ??? ??
40022,Text,,新兵头盔,The recruit helmet,新兵^盔,新兵用ヘルメット,?? ??
40023,Text,,新兵裤子,New pants,新兵子,新兵のズボン,?? ??
40024,Text,,新兵护手,The new recruits hand,新兵o手,新兵のol,?? ???
40025,Text,,精铁斧头,Pure iron axe,精F斧^,の斧,?? ??
40026,Text,,精铁战斧,Pure iron axe,精F鸶,精トマホ`ク,????
40027,Text,,精铁长剑,Pure iron sword,精FL,精のL,?? ??
40028,Text,,精铁匕首,Pure iron dagger,精F匕首,の短刀,?? ??
40029,Text,,精铁长弓,Pure iron long bow,精FL弓,精L弓,?? ??
40030,Text,,精铁法杖,Fine rod of tiefa coal industry group,精F法杖,精法杖,???
40031,Text,,精铁盾牌,Pure iron shield,精F盾牌,精の盾,?? ??
40032,Text,,精致皮靴,Fine leather boots,精致皮靴,精巧な靴,??? ?? ??
40033,Text,,精致皮衣,Fine leather,精致皮衣,精巧な革のコ`ト,??? ???
40034,Text,,精致头盔,Delicate helmet,精致^盔,精巧なヘルメット,??? ??
40035,Text,,精致裤子,Delicate pants,精致子,洗されたズボン,??? ??
40036,Text,,精致护手,Delicate hand,精致o手,手の手入れ,??? ????
40037,Text,,精灵王战斧,The elvish King tomahawk,精`王鸶,エルフ王トマホ`ク,???? ???
40038,Text,,精灵王法杖,Elven King wand,精`王法杖,精王法杖,?? ???
40039,Text,,精灵王铠甲,Elvenking armor,精`王z甲,精王のz,?? ?? ??
50000,Text,,EXP,EXP,EXP,exp,exp
50000_Desc,Text,,经验,experience,,UY,??
50001,Text,,果实(小),Fruit (small),果(小),果g(小さいもの),?? (??)
50001_Desc,Text,,缓慢恢复最大生命值的20%,Slowly restores 20% of maximum health,慢恢妥畲笊命值的20%,最大hpの20%をゆっくり回亭工,?? ?? ??? 20 ???? ??? ???
50002,Text,,果实(中),Fruit (middle),果(中),果g(中),?? (???)
50002_Desc,Text,,缓慢恢复最大生命值的40%,Slowly restores 40% of maximum health,慢恢妥畲笊命值的40%,最大hpの40%をゆっくり回亭工,?? ?? ??? 40 ???? ??? ???
50003,Text,,果实(大),Fruit (large),果(大),果g(大きいもの),??? ??
50003_Desc,Text,,缓慢恢复最大生命值的60%,Slowly restores 60% of maximum health,慢恢妥畲笊命值的60%,最大hpの60%をゆっくり回亭工,?? ???? 60%? ??? ???
50004,Text,,生命之泉,The fountain of life,生命之泉,生命の泉,??? ?
50004_Desc,Text,,瞬间回复最大生命值的80%,Instantly restores 80% of maximum health,瞬g回妥畲笊命值的80%,最大hpの80%を瞬g回亭工,????? ?? ???? 80%? ????
50005,Text,,铁矿石,Iron ore,FV石,k石,???
50005_Desc,Text,,换取铁宝箱,In exchange for an iron chest,Q取F箱,の宝箱と引きQえに,???? ???
50006,Text,,银矿石,Silver ore,yV石,yk石,? ??
50006_Desc,Text,,换取银宝箱,For a silver chest,Q取y箱,yの宝箱と引きQえに,???? ???
50007,Text,,金矿石,Gold ore,金V石,金k石,???
50007_Desc,Text,,换取金宝箱,In exchange for a treasure chest,Q取金箱,宝箱と引きQえに,???? ???
50008,Text,,经验卡,Experience card,卡,UYカ`ド,????
50008_Desc,Text,,提升本级经验的20%,Increase your experience by 20%,提升本的20%,そのレベルのUYを20%アップする,?? ??? 20%? ?????
50009,Text,,爆率卡,Rate card,爆率卡,爆k率カ`ド,??? ??
50009_Desc,Text,,提高20%的矿石和红宝石的掉落概率(不提升数量),Increased the drop probability of minerals and rubies by 20% (no increase in quantity),提高20%的V石和t石的掉落概率(不提升盗),k石とルビ`の落下_率を20%アップ(数は上げません),??? ??? ?? ??? 20% ????? (??? ???? ??)
50010,Text,,属性卡,Property card,傩钥,属性カ`ド,?? ??
50010_Desc,Text,,提升15%的所有属性,Increases all attributes by 15%,提升15%的所有傩,15%アップする全属性,?? ??? 15% ?????
50011,Text,,体力卡,Physical card,w力卡,パワ`カ`ド,?? ??
50011_Desc,Text,,补充10点体力,Replenish 10 strength points,a充10cw力,10ポイント体力をつける,??? 10??? ????
50012,Text,,挂机卡,Hang card,C卡,フックカ`ド,?? ?? ??
50012_Desc,Text,,补充1h挂机时间,Add 1h hang up time,a充1hCrg,1hオンフックrgをa充する,?? ?? 1?? ?? ??? ??? ???
50013,Text,,随机宝石,Random gems,SC石,ランダム?スト`ン,?? ??
50013_Desc,Text,,传送到随机区域(未到达主城前不可用),Teleport to random areas (not available until you reach the main city),魉偷诫SC^域(未到_主城前不可用),ランダムエリアに送(本城に到着しないと利用不可),??? ???? ???? (?? ??? ???? ??? ??? ? ??)
50014,Text,,回城宝石,Back to gem,回城石,リタ`ンスト`ン,??? ??
50014_Desc,Text,,传送回主城(未到达主城前不可用),Teleport back to main City (not available until you reach main City),魉突刂鞒(未到_主城前不可用),主城に送(主城に到_しないと利用不可),???? ?? ?? (???? ??? ??? ?? ? ?)
50015,Text,,红宝石,ruby,t石,ルビ`,??
50015_Desc,Text,,兑换代币,"To exchange tokens,",Q代,ト`クンにI替する,??? ????
50016,Text,,铁宝箱,IronBox,F箱,の宝箱,????
50017,Text,,银宝箱,SilverBox,y箱,ぎんの宝箱,?? ??
50018,Text,,金宝箱,GoldBox,金箱,きんぴつ箱,???
50046,Text,,铜宝箱,CopperBox,铜箱,の宝箱,????
50047,Text,,翡翠宝箱,EmeraldBox,翡翠箱,ぎんの宝箱,?? ??
50048,Text,,钻石宝箱,DiamondBox,钻石箱,きんぴつ箱,???
60001,Text,,击杀20只丛林狼,Kill 20 coyotes,20只擦掷,ジャングルのオオカミ20匹を膜す,???? 20 ?? ????
60002,Text,,兑换一个盲盒（铜）,Exchange one blind box (copper),Q一盲盒（~）,ブラインドケ`ス(~)と交Qする,???? ?? (??)? ?????.
60003,Text,,击杀 15 只变异丛林狼,Kill 15 mutant coyotes, 15 只擦掷,15匹の洚型ジャングルオオカミを膜します,?? ???? 15 ?? ????
60004,Text,,击杀 15 只嗜血黑熊,Kill 15 bloodthirsty black bears, 15 只嗜血黑熊,血に|えたツキノワグマ15^を,?? ??? ?? 15 ??? ????
60005,Text,,杀死“洞穴食人妖”,Kill the "cave troll",⑺馈岸囱ㄊ橙搜”,「洞窟人肖ぁ工す,?? ??? ????.
60006,Text,,杀死“穆马基尔”,Kill "Mumakir",⑺馈澳埋R基”,「ムマキル」をす,?????? ????.
60007,Text,,杀死“昂哥立安-游荡者”,Kill the Angorian Wanderer.,⑺馈鞍焊缌安-[者”,「オンゴリアン」をす,????-???? ????.
60008,Text,,击杀20只丛林狼,Kill 20 coyotes,20只擦掷,ジャングルのオオカミ20匹を膜す,???? 20 ?? ????
60009,Text,,兑换一个盲盒（铜）,Exchange one blind box (copper),Q一盲盒（~）,ブラインドケ`ス(~)と交Qする,???? ?? (??)? ?????.
6001,Text,,霍普顿,"Hope,",霍普D,ホ`プトン,???
60010,Text,,击杀 15 只变异丛林狼,Kill 15 mutant coyotes, 15 只擦掷,15匹の洚型ジャングルオオカミを膜します,?? ???? 15 ?? ????
6001001,Text,,找我有什么事吗,Is there anything you want me to do,找我有什N事,}はありますか,? ?? ?? ?? ???
60011,Text,,击杀 15 只嗜血黑熊,Kill 15 bloodthirsty black bears, 15 只嗜血黑熊,血に|えたツキノワグマ15^を,?? ??? ?? 15 ??? ????
60012,Text,,杀死“洞穴食人妖”,Kill the "cave troll",⑺馈岸囱ㄊ橙搜”,「洞窟人肖ぁ工す,?? ??? ????.
60013,Text,,杀死“穆马基尔”,Kill "Mumakir",⑺馈澳埋R基”,「ムマキル」をす,?????? ????.
60014,Text,,杀死“昂哥立安-游荡者”,Kill the Angorian Wanderer.,⑺馈鞍焊缌安-[者”,「オンゴリアン」をす,????-???? ????.
60015,Text,,击杀20只丛林狼,Kill 20 coyotes,20只擦掷,ジャングルのオオカミ20匹を膜す,???? 20 ?? ????
60016,Text,,兑换一个盲盒（铜）,Exchange one blind box (copper),Q一盲盒（~）,ブラインドケ`ス(~)と交Qする,???? ?? (??)? ?????.
60017,Text,,击杀 15 只变异丛林狼,Kill 15 mutant coyotes, 15 只擦掷,15匹の洚型ジャングルオオカミを膜します,?? ???? 15 ?? ????
60018,Text,,击杀 15 只嗜血黑熊,Kill 15 bloodthirsty black bears, 15 只嗜血黑熊,血に|えたツキノワグマ15^を,?? ??? ?? 15 ??? ????
60019,Text,,杀死“洞穴食人妖”,Kill the "cave troll",⑺馈岸囱ㄊ橙搜”,「洞窟人肖ぁ工す,?? ??? ????.
6002,Text,,凯瑟琳,Catherine,P瑟琳,キャサリン,???
60020,Text,,杀死“穆马基尔”,Kill "Mumakir",⑺馈澳埋R基”,「ムマキル」をす,?????? ????.
6002001,Text,,欢迎光临美丽的顾客,Welcome beautiful customer,g迎光R 美的客,ようこそ 美しい客,????? ???? ???
60021,Text,,杀死“昂哥立安-游荡者”,Kill the Angorian Wanderer.,⑺馈鞍焊缌安-[者”,「オンゴリアン」をす,????-???? ????.
60022,Text,,击杀20只丛林狼,Kill 20 coyotes,20只擦掷,ジャングルのオオカミ20匹を膜す,???? 20 ?? ????
60023,Text,,兑换一个盲盒（铜）,Exchange one blind box (copper),Q一盲盒（~）,ブラインドケ`ス(~)と交Qする,???? ?? (??)? ?????.
60024,Text,,击杀 15 只变异丛林狼,Kill 15 mutant coyotes, 15 只擦掷,15匹の洚型ジャングルオオカミを膜します,?? ???? 15 ?? ????
60025,Text,,击杀 15 只嗜血黑熊,Kill 15 bloodthirsty black bears, 15 只嗜血黑熊,血に|えたツキノワグマ15^を,?? ??? ?? 15 ??? ????
60026,Text,,杀死“洞穴食人妖”,Kill the "cave troll",⑺馈岸囱ㄊ橙搜”,「洞窟人肖ぁ工す,?? ??? ????.
60027,Text,,杀死“穆马基尔”,Kill "Mumakir",⑺馈澳埋R基”,「ムマキル」をす,?????? ????.
60028,Text,,杀死“昂哥立安-游荡者”,Kill the Angorian Wanderer.,⑺馈鞍焊缌安-[者”,「オンゴリアン」をす,????-???? ????.
60029,Text,,通过挖矿收获1块铜矿石,Harvest 1 copper ore by mining,通^挖V收@1K~V石,窬颏倾~k石1をХする,??? ?? ?? ?? ? ?? ????
6003,Text,,汉克,Hank,h克,ハンク,??
60030,Text,,总计杀死 30 只烈焰巫师,Kill a total of 30 Fire wizards,⑺ 30 只烈焰巫,合30匹の炎の魔法使いをしました,? 30?? ????? ???
6003001,Text,,快走开贼眉鼠眼的家伙,go away  you bastard,快走_ \眉鼠眼的砘,xれて あなたは野郎,???? ? ???
60031,Text,,总计杀死 30 只黑暗巫师,Kill 30 dark wizards in total,⑺ 30 只黑暗巫,合30匹のダ`クウィッチをしました,? 30?? ???? ???
60032,Text,,总计杀死 30 只骷髅守卫,Kill 30 skeleton guards in total,⑺ 30 只骷t守l,合30匹のスカルガ`ドをし,?? ??? 30?? ???
60033,Text,,总计杀死 30 只烈焰骷髅守卫,Kill 30 Flaming Skull guards in total,⑺ 30 只烈焰骷t守l,合30匹の炎の髑t守浔をしました,? 30 ??? ?? ???? ???
6004,Text,,汉斯,Hans,h斯,ハンス,??
6004001,Text,,是装备又坏了吗快来让我看看,Is the equipment broken again come and let me see,是b溆牧 快碜我看看,C器がまた菠欷郡韦恰⒗搐埔させてください,??? ? ???? ?? ??
6005,Text,,波尔多,bordeaux,波多,ボルド`,???
6005001,Text,,找我有什么事吗,Is there anything you want me to do,找我有什N事,}はありますか,? ?? ?? ?? ???
6006,Text,,卓卡克,Zhuo koc,卓卡克,チャウチャック,???
6006001,Text,,欢迎光临美丽的顾客,Welcome beautiful customer,g迎光R 美的客,ようこそ 美しい客,????? ???? ???
6007,Text,,阿克亚,"Gram,",阿克,アクア,???
6007001,Text,,快走开贼眉鼠眼的家伙,go away  you bastard,快走_ \眉鼠眼的砘,xれて あなたは野郎,???? ? ???
6008,Text,,古里迪,Guri di,古Y迪,グリディ,???
6008001,Text,,是装备又坏了吗快来让我看看,Is the equipment broken again come and let me see,是b溆牧 快碜我看看,C器がまた菠欷郡韦恰⒗搐埔させてください,??? ? ???? ?? ??
6009,Text,,瑟兰督伊,Mr Du yi,瑟m督伊,スルランドゥイ,???????
6009001,Text,,找我有什么事吗,Is there anything you want me to do,找我有什N事,}はありますか,? ?? ?? ?? ???
6010,Text,,莱戈拉斯,legolas,R戈拉斯,レゴラス,????
6010001,Text,,欢迎光临美丽的顾客,Welcome beautiful customer,g迎光R 美的客,ようこそ 美しい客,????? ???? ???
6011,Text,,凯兰崔尔,galadriel,Pm崔,ケランチェイル,?? ????
6011001,Text,,快走开贼眉鼠眼的家伙,go away  you bastard,快走_ \眉鼠眼的砘,xれて あなたは野郎,???? ? ???
6012,Text,,凯勒鹏,celeborn,P勒i,ケラポン,????
6012001,Text,,是装备又坏了吗快来让我看看,Is the equipment broken again come and let me see,是b溆牧 快碜我看看,C器がまた菠欷郡韦恰⒗搐埔させてください,??? ? ???? ?? ??
6013,Text,,丹持,Dan is,丹持,ダンに,??
6013001,Text,,埃多拉斯的七大不可思议想不想听听,The Seven Wonders of Edoras do you want to hear it?,找我有什N事,}はありますか,? ?? ?? ?? ???
6014,Text,,富格,"Rich,",富格,富格,?? ? ?
6014001,Text,,听说在地下深处有一位统帅着怪物的黑骑士,I heard that deep underground there is a black knight who is commanding monsters,g迎光R 美的客,ようこそ 美しい客,????? ???? ???
6015,Text,,赭尔,"Umber,",赭,赭,??? ?
6015001,Text,,需要帮忙吗,Do you need help,快走_ \眉鼠眼的砘,xれて あなたは野郎,???? ? ???
6016,Text,,亨克,Henk zaaiman,亨克,ゲンク,??
6016001,Text,,是装备又坏了吗快来让我看看,Is the equipment broken again come and let me see,是b溆牧 快碜我看看,C器がまた菠欷郡韦恰⒗搐埔させてください,??? ? ???? ?? ??
6017,Text,,亨利,Henry,亨利,ヘンリ`,??
6017001,Text,,我们正面临危机,we are facing a crisis,我正面R危C,私たちは危Cに直面しています,??? ??? ??? ??
6018,Text,,瑟兰督伊,Mr Du yi,瑟m督伊,スルランドゥイ,???????
6018001,Text,,有新奇的事情吗,Is there something new?,有新奇的事情,何か新しいものはありますか？,??? ?? ?????
6019,Text,,莱戈拉斯,legolas,R戈拉斯,レゴラス,????
6019001,Text,,有什么新的进展吗,Is there any new progress?,有什N新的M展,新しい_k,?? ??? ??
6020,Text,,凯兰崔尔,galadriel,Pm崔,ケランチェイル,?? ????
6020001,Text,,今天也是充满希望的一天,Today is also a day full of hope,今天也是充M希望的一天,今日も希望に氦沥咳栅扦,??? ??? ??? ?
6021,Text,,凯勒鹏,celeborn,P勒i,ケラポン,????
6021001,Text,,与魔法相关的一切都在我这,Everything about magic is here,c魔法相P的一切都在我@,魔法にvBするものはすべて私と一wです,??? ??? ?? ?? ?? ?????.
6022,Text,,丹持,Dan is,丹持,ダンに,??
6022001,Text,,如果需要什么请跟我说,Please tell me if you need anything,如果需要什N跟我f,何か必要な龊悉辖踏à皮ださい,??? ?? ??? ?????
6023,Text,,富格,"Rich,",富格,富格,?? ? ?
6023001,Text,,我需要你的力量,i need your strength,我需要你的力量,私はあなたの力が必要です,?? ??? ?? ?????
6024,Text,,赭尔,"Umber,",赭,赭,??? ?
6024001,Text,,你来这干嘛,why are you here,你磉@致,なぜあなたはここにいるのですか,? ????
6025,Text,,亨克,Henk zaaiman,亨克,ゲンク,??
6025001,Text,,时刻记着随着携带武器,Always remember to carry weapons with you,r刻著S著y武器,常に武器を携・工毪长趣蛲れないでください,?? ??? ???? ?? ?? ????
61001,Text,,村落附近的丛林狼最近有些不听话，需要有人帮忙宰杀几只让他们安分安分,The coyotes around the village have been acting out lately and need help killing a few to keep them in peace,村落附近的擦掷亲罱有些不，需要有人兔υ字蛔他安分安分,"村の近くのジャングルのオオカミは最近少し言うことをきかないので,lかが何匹かして彼らを安心させる必要がある",?? ??? ???? ??? ?? ?? ??? ??? ??? ?? ? ??? ???? ??? ????
61002,Text,,去找汉斯使用十个铜矿石来兑换一个盲盒吧,Go to Hans and trade ten copper ores for a blind box,去找h斯使用十~V石Q一盲盒吧,ハンスがブラインドボックスと交Qするために10の~k石を使いましょう,???? ?? ??? ? ? ??? ???? ?? ??? ???? ??
61003,Text,,村落附近的变异丛林狼最近总是毁坏庄稼，去给他们点颜色瞧瞧,The mutated coyotes around the village have been destroying crops lately. Go show them,村落附近的擦掷亲罱是那f稼，去o他c色瞧瞧,"村の近くの突然洚したジャングルのオオカミは最近しょっちゅう作物を荒らげているので,彼らの世をしに行く","?? ??? ?? ???? ??? ?? ???? ?????, ?? ???? ??? ?? (?)??"
61004,Text,,可恶的大黑熊！！！！,Hateful big black bear ！！！！,可旱拇蠛谛埽。。。,くそツキノワグマ！！！！,????? ? ??!!!!
61005,Text,,去穴居人的洞穴并击杀洞穴深处的精英怪,Go to the caveman's cave and kill the elite monsters in the depths of the cave,去穴居人的洞穴⒍囱ㄉ钐的精英怪,穴居人の洞窟に行って洞窟の奥にいるエリ`トモンスタ`をしてしまう,??? ?? ?? ? ?? ???? ????
61006,Text,,通关一次鱼人副本并杀死鱼人副本的最终boss,Beat the final boss of the Fishman replica once,通P一次~人副本⑺吏~人副本的最Kboss,フィッシュマンレプリカを一度クリアして、フィッシュマンレプリカの最Kボスをす,?? ??? 1? ????? ?? ??? ?? ??? ????
61007,Text,,击杀占领传送门的boss昂哥立安-游荡者,Kill the boss angorian who captured the portal - Wanderer,最I魉烷T的boss昂哥立安-[者,トランスファ`を占Iしたボスをオンゴリアン-ウロンジャ`,???? ??? ?? ????-???? ????
61008,Text,,村落附近的丛林狼最近有些不听话，需要有人帮忙宰杀几只让他们安分安分,The coyotes around the village have been acting out lately and need help killing a few to keep them in peace,村落附近的擦掷亲罱有些不，需要有人兔υ字蛔他安分安分,"村の近くのジャングルのオオカミは最近少し言うことをきかないので,lかが何匹かして彼らを安心させる必要がある",?? ??? ???? ??? ?? ?? ??? ??? ??? ?? ? ??? ???? ??? ????
61009,Text,,去找汉斯使用十个铜矿石来兑换一个盲盒吧,Go to Hans and trade ten copper ores for a blind box,去找h斯使用十~V石Q一盲盒吧,ハンスがブラインドボックスと交Qするために10の~k石を使いましょう,???? ?? ??? ? ? ??? ???? ?? ??? ???? ??
61010,Text,,村落附近的变异丛林狼最近总是毁坏庄稼，去给他们点颜色瞧瞧,The mutated coyotes around the village have been destroying crops lately. Go show them,村落附近的擦掷亲罱是那f稼，去o他c色瞧瞧,"村の近くの突然洚したジャングルのオオカミは最近しょっちゅう作物を荒らげているので,彼らの世をしに行く","?? ??? ?? ???? ??? ?? ???? ?????, ?? ???? ??? ?? (?)??"
61011,Text,,可恶的大黑熊！！！！,Hateful big black bear ！！！！,可旱拇蠛谛埽。。。,くそツキノワグマ！！！！,????? ? ??!!!!
61012,Text,,去穴居人的洞穴并击杀洞穴深处的精英怪,Go to the caveman's cave and kill the elite monsters in the depths of the cave,去穴居人的洞穴⒍囱ㄉ钐的精英怪,穴居人の洞窟に行って洞窟の奥にいるエリ`トモンスタ`をしてしまう,??? ?? ?? ? ?? ???? ????
61013,Text,,通关一次鱼人副本并杀死鱼人副本的最终boss,Beat the final boss of the Fishman replica once,通P一次~人副本⑺吏~人副本的最Kboss,フィッシュマンレプリカを一度クリアして、フィッシュマンレプリカの最Kボスをす,?? ??? 1? ????? ?? ??? ?? ??? ????
61014,Text,,击杀占领传送门的boss昂哥立安-游荡者,Kill the boss angorian who captured the portal - Wanderer,最I魉烷T的boss昂哥立安-[者,トランスファ`を占Iしたボスをオンゴリアン-ウロンジャ`,???? ??? ?? ????-???? ????
61015,Text,,村落附近的丛林狼最近有些不听话，需要有人帮忙宰杀几只让他们安分安分,The coyotes around the village have been acting out lately and need help killing a few to keep them in peace,村落附近的擦掷亲罱有些不，需要有人兔υ字蛔他安分安分,"村の近くのジャングルのオオカミは最近少し言うことをきかないので,lかが何匹かして彼らを安心させる必要がある",?? ??? ???? ??? ?? ?? ??? ??? ??? ?? ? ??? ???? ??? ????
61016,Text,,去找汉斯使用十个铜矿石来兑换一个盲盒吧,Go to Hans and trade ten copper ores for a blind box,去找h斯使用十~V石Q一盲盒吧,ハンスがブラインドボックスと交Qするために10の~k石を使いましょう,???? ?? ??? ? ? ??? ???? ?? ??? ???? ??
61017,Text,,村落附近的变异丛林狼最近总是毁坏庄稼，去给他们点颜色瞧瞧,The mutated coyotes around the village have been destroying crops lately. Go show them,村落附近的擦掷亲罱是那f稼，去o他c色瞧瞧,"村の近くの突然洚したジャングルのオオカミは最近しょっちゅう作物を荒らげているので,彼らの世をしに行く","?? ??? ?? ???? ??? ?? ???? ?????, ?? ???? ??? ?? (?)??"
61018,Text,,可恶的大黑熊！！！！,Hateful big black bear ！！！！,可旱拇蠛谛埽。。。,くそツキノワグマ！！！！,????? ? ??!!!!
61019,Text,,去穴居人的洞穴并击杀洞穴深处的精英怪,Go to the caveman's cave and kill the elite monsters in the depths of the cave,去穴居人的洞穴⒍囱ㄉ钐的精英怪,穴居人の洞窟に行って洞窟の奥にいるエリ`トモンスタ`をしてしまう,??? ?? ?? ? ?? ???? ????
61020,Text,,通关一次鱼人副本并杀死鱼人副本的最终boss,Beat the final boss of the Fishman replica once,通P一次~人副本⑺吏~人副本的最Kboss,フィッシュマンレプリカを一度クリアして、フィッシュマンレプリカの最Kボスをす,?? ??? 1? ????? ?? ??? ?? ??? ????
61021,Text,,击杀占领传送门的boss昂哥立安-游荡者,Kill the boss angorian who captured the portal - Wanderer,最I魉烷T的boss昂哥立安-[者,トランスファ`を占Iしたボスをオンゴリアン-ウロンジャ`,???? ??? ?? ????-???? ????
61022,Text,,村落附近的丛林狼最近有些不听话，需要有人帮忙宰杀几只让他们安分安分,The coyotes around the village have been acting out lately and need help killing a few to keep them in peace,村落附近的擦掷亲罱有些不，需要有人兔υ字蛔他安分安分,"村の近くのジャングルのオオカミは最近少し言うことをきかないので,lかが何匹かして彼らを安心させる必要がある",?? ??? ???? ??? ?? ?? ??? ??? ??? ?? ? ??? ???? ??? ????
61023,Text,,去找汉斯使用十个铜矿石来兑换一个盲盒吧,Go to Hans and trade ten copper ores for a blind box,去找h斯使用十~V石Q一盲盒吧,ハンスがブラインドボックスと交Qするために10の~k石を使いましょう,???? ?? ??? ? ? ??? ???? ?? ??? ???? ??
61024,Text,,村落附近的变异丛林狼最近总是毁坏庄稼，去给他们点颜色瞧瞧,The mutated coyotes around the village have been destroying crops lately. Go show them,村落附近的擦掷亲罱是那f稼，去o他c色瞧瞧,"村の近くの突然洚したジャングルのオオカミは最近しょっちゅう作物を荒らげているので,彼らの世をしに行く","?? ??? ?? ???? ??? ?? ???? ?????, ?? ???? ??? ?? (?)??"
61025,Text,,可恶的大黑熊！！！！,Hateful big black bear ！！！！,可旱拇蠛谛埽。。。,くそツキノワグマ！！！！,????? ? ??!!!!
61026,Text,,去穴居人的洞穴并击杀洞穴深处的精英怪,Go to the caveman's cave and kill the elite monsters in the depths of the cave,去穴居人的洞穴⒍囱ㄉ钐的精英怪,穴居人の洞窟に行って洞窟の奥にいるエリ`トモンスタ`をしてしまう,??? ?? ?? ? ?? ???? ????
61027,Text,,通关一次鱼人副本并杀死鱼人副本的最终boss,Beat the final boss of the Fishman replica once,通P一次~人副本⑺吏~人副本的最Kboss,フィッシュマンレプリカを一度クリアして、フィッシュマンレプリカの最Kボスをす,?? ??? 1? ????? ?? ??? ?? ??? ????
61028,Text,,击杀占领传送门的boss昂哥立安-游荡者,Kill the boss angorian who captured the portal - Wanderer,最I魉烷T的boss昂哥立安-[者,トランスファ`を占Iしたボスをオンゴリアン-ウロンジャ`,???? ??? ?? ????-???? ????
61029,Text,,去附近的挖矿点挖矿,Go to a nearby mining site and dig,去附近的挖Vc挖V,近くの窬訾司颏辘诵肖,??? ???? ?? ??? ??
61030,Text,,总计杀死 30 只烈焰巫师,Kill a total of 30 Fire wizards,⑺ 30 只烈焰巫,合30匹の炎の魔法使いをしました,? 30?? ????? ???
61031,Text,,总计杀死 30 只黑暗巫师,Kill 30 dark wizards in total,⑺ 30 只黑暗巫,合30匹のダ`クウィッチをしました,? 30?? ???? ???
61032,Text,,总计杀死 30 只骷髅守卫,Kill 30 skeleton guards in total,⑺ 30 只骷t守l,合30匹のスカルガ`ドをし,?? ??? 30?? ???
61033,Text,,总计杀死 30 只烈焰骷髅守卫,Kill 30 Flaming Skull guards in total,⑺ 30 只烈焰骷t守l,合30匹の炎の髑t守浔をしました,? 30 ??? ?? ???? ???
Die_txt001,Text,,你已死亡,You have to die,已死亡,あなたは死んだ,??? ?????.
Die_txt002,Text,,复活,The resurrection,突,复活,??
Die_txt003,Text,,10秒后手动复活,"10 seconds later, manually restart",10秒後手突,10秒で手突,10? ? ???? ???
Equip_txt_001,Text,,稀有度:,Scarcity:,稀有度:,レア度:,???:
Equip_txt_002,Text,,攻击:,Attack:,攻:,攻:,??:
Equip_txt_003,Text,,防御:,Defense:,防R:,防御:,?? ??:
Equip_txt_004,Text,,生命:,Life:,生命:,ライフ:,??:
Equip_txt_005,Text,,攻击速度:,Attack speed:,攻羲俣:,攻乃俣:,?? ??:
Equip_txt_006,Text,,暴击:,Crit:,暴:,暴:,???? ?????:
Equip_txt_007,Text,,暴击伤害:,Critical strike damage:,暴害:,バ`ストダメ`ジ:,???? ???:
Install_apk,Text,,安装,The installation,安b,インスト`ル,??
Leave_Stuck_Enter,Text,,是否回到安全地点？,Return to safety?,是否回到安全地c？,安全な鏊にっていますか?,??? ??? ??????
Race_txt_001,Text,,人类,human,人,人gの,??
Race_txt_002,Text,,矮人,The dwarf,矮人,小人,? ??
Race_txt_003,Text,,精灵,The elves,精`,精,??
Race_txt_004,Text,,兽人,The orcs,F人,50人,?? ?? ??
TP_login,Text,,TP登录,TP login,TP登,TP登h,tp ???
Update_content_title,Text,,更新内容,Update the content,更新热,内容を更新する,??? ????
attr,Text,,属性,attribute,傩,属性,??
attr_txt_001,Text,,改名,The name,改名,改名,??
attr_txt_002,Text,,基础,basis,基A,基A,??
attr_txt_003,Text,,高级,senior,高,高,??
attr_txt_004,Text,,货币,currency,,通,??
attr_txt_005,Text,,信息,information,信息,情,??
attr_txt_006,Text,,生命,life,生命,生命,??
attr_txt_007,Text,,法力,mana,法力,シュラトたち,???
attr_txt_008,Text,,经验,experience,,UY,??
attr_txt_009,Text,,攻击,attack,攻,攻,??
attr_txt_010,Text,,速度,speed,速度,スピ`ド,??
attr_txt_011,Text,,防御,defense,防R,防l,??
attr_txt_012,Text,,暴击伤害,Critical strike damage,暴害,ばくげき害,???? ???
attr_txt_013,Text,,暴击,crit,暴,暴の一,???
bag,Text,,包裹,pack,包裹,かばん,??
bag_all,Text,,全部,All,全部,すべて,??
bag_produce,Text,,生产,Production,生a,生b,??
bag_repair,Text,,修理,repair,修理,修理,??
bag_tool,Text,,道具,props,道具,道具,??
bag_txt_001,Text,,分解,break down,分解,分解,??
bag_txt_002,Text,,出售,Sell,出售,尤,??
bag_txt_003,Text,,整理,Tidy,整理,整理,??
bag_txt_004,Text,,强化,Strengthen,化,化,??
bag_txt_005,Text,,装备等级,LevelLimit,b涞燃,装浈哎飑`ド,?? ??
bag_txt_006,Text,,种族限制,Racial Restrictions,N族限制,人N制限,??? ??
bag_txt_007,Text,,使用道具,Use props,使用道具,道具を使う,??? ????
bag_uninstall,Text,,卸除,uninstall,卸除,をとめて,?? ??? ?? ?
bag_use,Text,,使用,Use,使用,使用,??
bag_wp,Text,,装备,equipment,b,装,??
boss_appears,Text,,boss出现,Boss there,boss出F,ボス出F,?? ??
cancel,Text,,取消,Cancel,取消,キャンセル,??
chang_account_title,Text,,是否切换账号？,Do you want to switch accounts?,是否切Q~？,アカウントを切り替えますか?,????? ??????
chat,Text,,聊天,chat,聊天,チャット,??
chatXXX,Text,,颠三倒四：哪里能打副本？,Topsy-turvy: Where can I play a copy?,三倒四：哪Y能打副本？,どこがコピ`を打つことができますか?,????:??? ???? ?? ? ????
chat_complex,Text,,私聊,The private chat,私聊,私の话,?? ???
chat_guild,Text,,公会,The guild,公,,??
chat_newbie,Text,,新手,A novice,新手,ル`キ`,??
chat_royal,Text,,皇家,The royal,皇家,ロイヤル,??
chat_sys,Text,,系统,system,My,システム,???
chat_txt_001,Text,,滚屏,scrolling,L屏,滚屏,GunBing
chat_txt_002,Text,,点击输入内容,Click enter,c糨入热,入力内容をクリックする,??? ????? ?????
chat_txt_003,Text,,发送,send,l送,送信,???
chat_world,Text,,世界,The world,世界,世界,??
chest_goods_Desc,Text,,随机生成道具&装备,Randomly generate items & equipment,SC生成道具&b,アイテム&装浃颔楗螗昆啶松成,??? ?? ??? & ??
com_txt_00,Text,,正在加载资源,loading resource,正在加dY源,リソ`スをロ`ドしている,?? ???? ?
com_txt_01,Text,,登录,Login,登,ログイン,???
com_txt_02,Text,,登录界面,login interface,登界面,ログイン画面,??? ?????
com_txt_03,Text,,注册,Register,],登h,??
com_txt_04,Text,,进入游戏,enter the game,M入[,ゲ`ムに入る,??? ????
confirm,Text,,确定,confirm,_定,_定,??
data_no_exit,Text,,数据不存在,Data does not exist,不存在,デ`タが存在しない,???? ???? ??
dayily_task,Text,,日常任务,Daily tasks,日常任,日常の任铡,???? ??
error,Text,,错误,error,e`,ミス,??
exitzones,Text,,退出副本,Exit,退出副本,脱退コピ`,??? ???
fd_001,Text,,你们已经是好友了,you are already friends,已是好友了,君たちはもうH友だ,???? ?? ?? ????
fd_002,Text,,添加好友成功,Add friends successfully,添加好友成功,友だち追加成功,?? ??? ??????
fd_ApplyFirend_Success,Text,,申请成功,ApplyFirend Success,申成功,申に成功する,??? ????
fd_Click_Input,Text,,点击这里输入,Click here to enter,c暨@Y入,ここをクリックして入力する,????? ??? ?????
fd_Not_Finding_Role,Text,,没有找到该人物哦~,The character was not found~,]有找到人物哦~,その人物はつかっていませんよ~,?? ??? ?? ? ????
fd_On_Line,Text,,在线,online,在,オンライン,???
fd_On_offline,Text,,在线,offline,在,オンライン,???
fd_allFriend,Text,,全部好友,all friends,全部好友,H友全T,?? ??
fd_edit,Text,,编辑,Edit,,集,??
fd_friend,Text,,好友,Friend,好友,H友,?? ??
fd_gChat,Text,,t聊,group chat,t聊,群の话,?? ??
fd_if_Delete,Text,,是否删除好友,Whether to delete friends,是否h除好友,友だちを削除するかどうか,??? ???? ??
fd_mail,Text,,邮箱,Mail,]箱,メ`ル,?? ??
fd_recent,Text,,最近,recent,最近,最近,??
fd_role_name,Text,,角色名称,Role Name,角色名Q,役名,?? ??
fd_search_Type,Text,,搜索类型,SearchType,搜索型,仕鳐骏ぅ,?? ??
fd_search_result,Text,,搜索结果,search results,搜索Y果,仕鹘Y果,?? ??
friend,Text,,添加好友,add friend,添加好友,友だちを追加する,?? ??
get,Text,,获得,get,@得,得,?
goods_Compose,Text,,合成,synthetic,合成,合成,??
goods_Open,Text,,打开,Open the,打_,开き,??
goods_Use,Text,,使用,use,使用,使用,??
hangUp,Text,,挂机,HangUp,C,切り,?? ??
heading_to_destination,Text,,正在前往目的地...,En route to...,正在前往目的地...,目的地に向かっています…,???? ?? ?...
illegal_parameter,Text,,非法参数,Illegal parameter,非法,不正パラメ`タ`,??? ??
input_error,Text,,账号或密码错误,The account or password is incorrect,~或密ae`,アカウントやパスワ`ドがg`っている,????? ????? ???????
login_failed,Text,,登录失败,Login failed,登失,ログインに失・工,??? ??
main_task,Text,,主线任务,Main task,主任,メイン?ミッション,?? ??
map,Text,,地图,The map,地D,地,??
map_duskwood_0001,Text,,暮色森林,duskwood,暮色森林,暮色の森,??? ?? ?
map_duskwood_0002,Text,,xxxx,xxxx,xxxx,xxxx,xxxx
mining_Go,Text,,开始挖矿,Began to dig,_始挖V,kを掘り始める,??? ????
mining_Stop,Text,,结束挖矿,The end of the dig,Y束挖V,窬颏蚪Kえる,??? ???
mining_all_time,Text,,今日剩余挖矿时长：,Remaining mining time today:,今日剩余挖VrL：,今日の残り窬rg:,?? ?? ?? ??:
mining_get_time,Text,,距离下次收益时间：,Time to next return:,距x下次收益rg：,次のб妞蓼扦rg:,?? ?? ??:
networkerror,Text,,网络链接失败，请重新登录！,"Failed to connect to binance chain, please log in again!",c虐叉B接失。重新登！,虐播隶З`ンとの接Aに失・筏郡韦恰⒃佶恁哎ぅ螭筏皮ださい!,?? ???? ??? ??????. ?? ???????!
no,Text,,拒绝,reject,拒^,拒否,??
npc_title_blacksmith,Text,,铁匠,The blacksmith,F匠,スミス,????
npc_title_grocery_store,Text,,杂货铺,Grocery store,s,荒物屋,???
npc_title_mining,Text,,挖矿,dig,挖V,掘りk,??? ?? ? ??
npc_title_village_head,Text,,村长,The village chief,村L,村Lが,??
other_task,Text,,支线任务,Side quests,支任,支任铡,??? ??
player,Text,,角色,Role,角色,役,??
set,Text,,系统设置,system settings,MyO置,システムO定,??? ??
set_account,Text,,账号与角色,account,~c角色,アカウントとキャラクタ`,??? ???
set_account_0001,Text,,角色描述,role description  ,角色描述,キャラクタ`描写,?? ??
set_account_1001,Text,,隐私策略,Privacy Policy,[私策略,プライバシ`ポリシ`,????? ??
set_account_1002,Text,,切换角色,switch roles,切Q角色,役を切り替える,?? ??
set_account_1003,Text,,切换账号,switch account,切Q~,アカウントを切り替える,?? ??
set_account_1004,Text,,脱离卡死,get out of the jam,x卡死,脱?デッドロック,????
set_account_1005,Text,,用户协议,User Agreement,用fh,加入者契s,??? ??
set_account_1006,Text,,退出游戏,Exit,退出[,ゲ`ムをやめる,?? ???
set_account_2001,Text,,信息查询,Information query,信息查,情螭握栈,?? ??
set_account_2002,Text,,隐私政策,Privacy Policy,[私政策,プライバシ`ポリシ`,???? ????
set_account_2003,Text,,查询用户协议,Query User Agreement,查用fh,契sを照会する,??? ???? ??
set_account_2004,Text,,第三方信息共享清单,,第三方信息共享清,第三者情蠊灿啸辚攻,?3? ?? ?? ??
set_account_2005,Text,,账号注销,Account cancellation,~]N,アカウントの解s,?? ??
set_btn_default,Text,,回复默认设置,Return to default Settings,回湍JO置,デフォルトO定に返信する,?? ??? ??
set_display,Text,,语音与好友,display,Z音c好友,音声とH友,?? ? ??
set_fast,Text,,快捷,quick,快捷,ショ`トカット,??
set_language,Text,,语言,language,Z言,言Z,??
set_operate,Text,,操作与战斗,Operations and Combat,操作c痿Y,オペレ`ションとバトル,?? & ??
set_push,Text,,推送与提示,Push and Prompt,推送c提示,プッシュとヒント,??? ?
set_slider_001,Text,,音乐音量,Music volume,音芬袅,音Sの音量,?? ??
set_slider_002,Text,,配音音量,The voice volume,配音音量,吹き替えの音量,??? ??
set_slider_003,Text,,音效音量,Sound volume,音效音量,音音量。,??? ??
set_sound,Text,,语言与音效,Language,Z言c音效,言~と抗音,??? ??
set_sys,Text,,系统,system,My,システム,???
set_txt_001,Text,,震动,vibration,震,振,??
set_txt_002,Text,,普通话,mandarin,普通,共通Z,???
set_txt_003,Text,,配音语言,The voice language,配音Z言,ダビング言Z,?? ??
set_txt_004,Text,,下载粤语语言包,Download the Cantonese language pack,下dZZ言包,|Zパッケ`ジをダウンロ`ド,??? ??? ????
set_txt_sound,Text,,声音,voice,音,声,??
skill,Text,,技能,skills,技能,技能,??
skill_txt_000,Text,,技能升级,Skills upgrading,技能升,スキルアップ,?? ?????
skill_txt_001,Text,,技能方案,Skills to plan,技能方案,スキルプラン,?? ??
skill_txt_002,Text,,自动战斗设置,Automatic combat setting,自痿YO置,自殛L装置,?? ?? ??
skill_txt_003,Text,,重置技能,reset,重置技能,リセットスキル,?? ???
skill_txt_004,Text,,自动攻击,Automated attacks,自庸,自庸,?? ??
skill_txt_005,Text,,技能详情,Skills for details,技能情,スキルの,?? ??? ??
skill_txt_006,Text,,技能参数,Skill parameters,技能,スキルパラメ`タ`,?? ????
skill_txt_007,Text,,此技能无法升级,This skill cannot be upgraded,此技能o法升,このスキルはアップグレ`ドできません,? ??? ?????? ? ????
skill_txt_008,Text,,武器列表,List of weapons,武器列l,武器の一E,?? ??
skill_txt_009,Text,,tips:仅点亮当前武器可使用的技能,Tips: Only activate skills that are available with the current weapon,tips:Hc亮前武器可使用的技能,tips:F在の武器で使用可能なスキルのみ点灯,tips:?? ??? ??? ? ?? ??? ??
skill_txt_010,Text,,冷却时间：,Cooling time:,冷srg：,冷却rg:,???:
skill_txt_011,Text,,单次伤害：,Single damage:,未害：,シングルダメ`ジ:,?? ??:
skill_txt_012,Text,,已学会,Have learned to,已W,学会になった,?? ????
skill_txt_013,Text,,已升级,Have to upgrade,已升,グレ`ドアップした,??????
skills_goods_Desc,Text,,学习或升级技能,Learn or upgrade skills,W或升技能,スキルの得やアップグレ`ド,??? ???? ???????
task,Text,,任务,Task ,任,任,??
task_finsh,Text,,已完成,Has been completed,已完成,完成した,??
task_follow_target,Text,,追踪目标,To track the target,追目,目摔蜃粉Eする,???? ????
task_receive,Text,,领取任务,Get the task,I取任,任栅蚴埭比・,??? ??
task_receive_reward,Text,,领取奖励,Get the rewards,I取,ご褒美をもらう,???? ??
task_reward,Text,,奖励：,Reward:,睿,ご褒美:,??:
task_target,Text,,目标：,Goal:,目耍,目:,??:
team,Text,,队伍,team,伍,チ`ム,??
team_001,Text,,离开,leave,x_,离れる,??
team_002,Text,,邀请,The invitation,邀,招待する,??
team_003,Text,,申请,To apply for,申,申,??
team_004,Text,,邀请你加入队伍,You're invited to join the team,邀加入伍,君をチ`ムに招待する,??? ????? ?????
team_005,Text,,邀请列表,Invitation list,邀列l,招待リスト,??? ??
team_006,Text,,已邀请,Invited,已邀,招待した,???
team_007,Text,,你已被请离出队伍,You have been asked to leave the team  ,已被x出伍,あなたは列から外されました,??? ? ??? ???? ???????
team_008,Text,,该玩家已有队伍,This player already has a team,玩家已有伍,そのプレイヤ`はすでに,???? ?? ?? ??
team_009,Text,,请先退出队伍或者离开副本,Please exit the team or leave the instance first,先退出伍或者x_副本,まず列をiけるかコピ`からxれてください,?? ??? ???? ??? ?? ???
team_010,Text,,创建队伍,Create team,建伍,チ`ムを作る,?? ???
tipInfoText_240,Text,,240s内击杀所有怪物,Kill all monsters within 240s,240s⑺有怪物,240s内で全てのモンスタ`を,240s ?? ?? ???? ????
union,Text,,公会,The guild,公,,??
union_Create,Text,,创建公会,Create a guild,建公,ギルドをOする,??? ????
union_President,Text,,会长,President of,L,会L,??
union_add_friend,Text,,添加好友,Add buddy,添加好友,友だちを追加する,?? ??
union_announcement,Text,,公告,The announcement,公告,公告,??
union_apply,Text,,申请入会,Apply for membership,申入,入会を申しzむ,??? ????
union_apply_limit,Text,,申请条件,The application requirements,申l件,申条件,?? ??
union_apply_state,Text,,申请入会成功,Application for membership was successful,申入成功,入会申しzみに成功する,?? ??? ????
union_auto_limit,Text,,自动同意公会申请,Automatically approve guild applications,自油意公申,ギルドの申に自拥膜送意する,?? ??? ????? ????
union_condition,Text,,招募条件,Recruitment conditions,招募l件,募集条件,?? ??
union_consume,Text,,消耗：,Consumption:,消耗：,消M:,???:
union_count,Text,,人数,The number of,人,数,??
union_date,Text,,日期,The date of,日期,日付,??
union_declartion,Text,,公会宣言：,Guild Declaration:,公宣言：,ギルドの宣言:,????? ??? ??.
union_duplicate,Text,,公会副本,A copy of the conference,公副本,ギルド`本,?? ??
union_duty,Text,,职务,position,,,??
union_existing,Text,,已存在此公会名称,The guild name already exists,已存在此公名Q,この会の名称はすでに存在する,? ??? ??? ?? ????
union_fall_short_of,Text,,未达到此公会的招募条件,Did not meet the recruitment requirements of this society,未_到此公的招募l件,この公会の募集条件を氦郡筏皮い胜,? ??? ?? ??? ????
union_insignia,Text,,徽章图案,insignia,徽章D案,バッジ柄,?? ??
union_invite_team,Text,,邀请组队,Group invite,邀M,チ`ムを作るよう招待する,?? ?
union_leave,Text,,离开公会,Leave the guild,x_公,ギルドを去る,??? ???
union_leve_cap,Text,,等级上限,Level cap,等上限,レベルの上限,?? ??
union_level,Text,,等级,level,等,格付け,??
union_level_limit,Text,,等级要求：,Grade requirements:,等要求：,レベルの要求:,?? ?? ??:
union_level_lower,Text,,等级下限,Level lower limit,等下限,等の下限,?? ???
union_limit,Text,,等级条件,Rating conditions,等l件,等条件。,?? ??
union_look_message,Text,,查看信息,Check the information,查看信息,情螭蛞る,?? ??
union_make_over,Text,,是否确定转让会长权限？,Are you sure to transfer the president's authority?,是否_定DL嘞蓿,会L叵蓼巫j渡が_定するか。,?? ?? ??? ?????
union_material_not,Text,,材料不足，无法创建公会,Not enough material to create guild,材料不足，o法建公,材料不足でギルドが作れない,??? ???? ??? ?? ? ????
union_member,Text,,成员：,Members:,成T：,メンバ`:,??:
union_member_list,Text,,成员列表,Member list,成T列l,メンバ`一E,?? ??
union_member_name,Text,,成员名称,Member name,成T名Q,メンバ`名,?? ??
union_name,Text,,公会名称,The guild name,公名Q,ギルド名,?? ??
union_name_search,Text,,输入公会名称检索,Enter the guild name for search,入公名Qz索,ギルド名を入力して仕,????? ???? ??????
union_news,Text,,公会动态,The guild dynamic,公B,ギルド?ム`ブメント,?? ??
union_not_accrod_condition1,Text,,未找到符合条件的公会哦~,No eligible guild found,未找到符合l件的公哦~,条件に合うギルドがつからないよ~,??? ?? ? ????
union_not_accrod_condition2,Text,,没有符合条件的公会请核实输入是否正确,"If there are no eligible guilds, please verify that the input is correct",]有符合l件的公核入是否正_,条件を氦郡攻ルドがない龊悉先肓Δ正しいか_Jしてください,??? ?? ??? ?? ?? ??? ??? ???? ??????
union_please_leave,Text,,请离公会,Please from the guild,x公,ギルドをxれてください,??? ????
union_please_leave_guild,Text,,是否将此玩家请离公会？,Would you please remove this player from the guild?,是否⒋送婕艺x公？,このプレイヤ`をギルドからxしてくださいか?,? ????? ???? ?????????
union_race,Text,,种族,race,N族,人N,??
union_send_message,Text,,发送消息,Send a message,l送消息,メッセ`ジを送る,??? ???
union_set,Text,,设置,Set up the,O置,O置,??
union_state,Text,,状态,state,B,状态,??
union_the_transfer,Text,,转让会长,"The transfer,",DL,会Lをjり渡す,??? ????
union_txt_001,Text,,待审核,To audit,待核,舜ち,??? ????
union_txt_002,Text,,副会长,Vice President of,副L,副会L,???
union_txt_003,Text,,骨干,The backbone,骨,バックボ`ン,??
union_txt_004,Text,,修改信息,Modify the information,修改信息,情螭蛐拚する,?? ??
union_txt_005,Text,,加入公会,Join the guild,加入公,ギルドに加入する,??? ????
union_txt_006,Text,,修改成功,Modify Success,修改成功,修正に成功する,????? ??????
union_txt_007,Text,,修改失败,Modify Faild,修改失,失・蛐拚する,?? ??
unlock_arena_system,Text,,您已解锁竞技场,You have unlocked the arena,您已解i技,あなたは技訾违恁氓を解除しました,??? ?? ??????
unlock_dayily_mission,Text,,您已解锁日常任务,You have unlocked daily tasks,您已解i日常任,あなたは日常のタスクを解除しました,?? ??? ??? ?????
unlock_friend_system,Text,,您已解锁好友系统,You have unlocked the friend system,您已解i好友My,友_システムをロック解除しました,??? ?? ??????
unlock_team_system,Text,,您已解锁组队系统,You have unlocked the platoon system,您已解iMMy,チ`ムシステムを解除しました,? ???? ??? ?????
unlock_union_system,Text,,您已解锁工会系统,You have unlocked the guild system,您已解i工My,PM合のシステムを解除しました,?? ???? ??? ??????
wear,Text,,穿戴,Wear,穿戴,服装,???
yes,Text,,同意,agree,同意,同意,??
zones,Text,,副本,copy,副本,コピ`,??
combine,Text,,合成,Combine,合成,コピ`,??
